asset,commissionRateByMaxPercent,commissionRateByMaxPercent
BNB,0.13940567422797714,0.13940567422797714
BTC,11.675666615549051,11.675666615549051
BUSD,0.0006872455103651879,0.0006872455103651879
DOGE,0.00010492617460314316,0.00010492617460314316
ETH,0.5544493043291606,0.5544493043291606
USDT,0.0011437095310878373,0.0011437095310878373
XRP,1.4567777777786118e-05,1.4567777777786118e-05
